,Filename,Title,Author,First Collection,First Publication Year,Second Collection,Second Publication Year,Document,Text,Tokens,Lemmas,POS,Named_Entities,NE_Words
0,In dormiveglia.txt,In dormiveglia,Giuseppe Ungaretti ,Allegria di naufragi ,1919,L'Allegria,1931.0,"Assisto la notte violentata
L’aria è crivellata come una trina dalle schioppettate degli uomini ritratti nelle trincee come le lumache nel loro guscio
Mi pare che un affannato nugolo di scalpellini batta il lastricato di pietra di lava delle mie strade ed io l’ascolti non vedendo in dormiveglia",Assisto la notte violentata L’aria è crivellata come una trina dalle schioppettate degli uomini ritratti nelle trincee come le lumache nel loro guscio Mi pare che un affannato nugolo di scalpellini batta il lastricato di pietra di lava delle mie strade ed io l’ascolti non vedendo in dormiveglia,"['Assisto', 'la', 'notte', 'violentata', 'L’', 'aria', 'è', 'crivellata', 'come', 'una', 'trina', 'dalle', 'schioppettate', 'degli', 'uomini', 'ritratti', 'nelle', 'trincee', 'come', 'le', 'lumache', 'nel', 'loro', 'guscio', 'Mi', 'pare', 'che', 'un', 'affannato', 'nugolo', 'di', 'scalpellini', 'batta', 'il', 'lastricato', 'di', 'pietra', 'di', 'lava', 'delle', 'mie', 'strade', 'ed', 'io', 'l’', 'ascolti', 'non', 'vedendo', 'in', 'dormiveglia']","['assisto', 'il', 'notte', 'violentare', 'il', 'aria', 'essere', 'crivellare', 'come', 'uno', 'trina', 'da il', 'schioppettata', 'di il', 'uomo', 'ritratto', 'in il', 'trincea', 'come', 'il', 'lumaca', 'in il', 'loro', 'guscio', 'mi', 'parere', 'che', 'uno', 'affannato', 'nugolo', 'di', 'scalpellino', 'battare', 'il', 'lastricato', 'di', 'pietra', 'di', 'lava', 'di il', 'mio', 'strada', 'e', 'io', 'il', 'ascolto', 'non', 'vedere', 'in', 'dormiveglia']","[('ADV', 'B'), ('DET', 'RD'), ('NOUN', 'S'), ('VERB', 'V'), ('DET', 'RD'), ('NOUN', 'S'), ('AUX', 'VA'), ('VERB', 'V'), ('ADP', 'E'), ('DET', 'RI'), ('NOUN', 'S'), ('ADP', 'E_RD'), ('NOUN', 'S'), ('ADP', 'E_RD'), ('NOUN', 'S'), ('ADJ', 'A'), ('ADP', 'E_RD'), ('NOUN', 'S'), ('ADP', 'E'), ('DET', 'RD'), ('NOUN', 'S'), ('ADP', 'E_RD'), ('DET', 'AP'), ('NOUN', 'S'), ('PRON', 'PC'), ('VERB', 'V'), ('SCONJ', 'CS'), ('DET', 'RI'), ('ADJ', 'A'), ('NOUN', 'S'), ('ADP', 'E'), ('NOUN', 'S'), ('VERB', 'V'), ('DET', 'RD'), ('NOUN', 'S'), ('ADP', 'E'), ('NOUN', 'S'), ('ADP', 'E'), ('NOUN', 'S'), ('ADP', 'E_RD'), ('DET', 'AP'), ('NOUN', 'S'), ('CCONJ', 'CC'), ('PRON', 'PE'), ('DET', 'RD'), ('ADJ', 'S'), ('ADV', 'BN'), ('VERB', 'V'), ('ADP', 'E'), ('NOUN', 'S')]",['MISC'],[Mi pare]
1,Veglia.txt,Veglia,Giuseppe Ungaretti ,Il porto sepolto ,1916,L'Allegria,1931.0,"Un’intera nottata Buttato vicino A un compagno Massacrato Con la bocca Digrignata Volta al plenilunio Con la congestione Delle sue mani Penetrata Nel mio silenzio Ho scritto Lettere piene d’amore Non sono mai stato Tanto Attaccato alla vita.
",Un’intera nottata Buttato vicino A un compagno Massacrato Con la bocca Digrignata Volta al plenilunio Con la congestione Delle sue mani Penetrata Nel mio silenzio Ho scritto Lettere piene d’amore Non sono mai stato Tanto Attaccato alla vita.,"['Un’', 'intera', 'nottata', 'Buttato', 'vicino', 'A', 'un', 'compagno', 'Massacrato', 'Con', 'la', 'bocca', 'Digrignata', 'Volta', 'al', 'plenilunio', 'Con', 'la', 'congestione', 'Delle', 'sue', 'mani', 'Penetrata', 'Nel', 'mio', 'silenzio', 'Ho', 'scritto', 'Lettere', 'piene', 'd’', 'amore', 'Non', 'sono', 'mai', 'stato', 'Tanto', 'Attaccato', 'alla', 'vita', '.']","['uno', 'intero', 'nottata', 'Buttato', 'vicino', 'A', 'uno', 'compagno', 'Massacrato', 'con', 'il', 'bocca', 'Digrignata', 'volta', 'a il', 'plenilunio', 'Con', 'il', 'congestione', 'Di il', 'suo', 'mano', 'penetrata', 'in il', 'mio', 'silenzio', 'avere', 'scrivere', 'Lettere', 'pieno', 'di', 'amore', 'non', 'essere', 'mai', 'essere', 'tanto', 'attaccato', 'a il', 'vita', '.']","[('DET', 'RI'), ('ADJ', 'A'), ('NOUN', 'S'), ('PROPN', 'SP'), ('ADV', 'B'), ('ADP', 'E'), ('DET', 'RI'), ('NOUN', 'S'), ('ADJ', 'SP'), ('ADP', 'E'), ('DET', 'RD'), ('NOUN', 'S'), ('NOUN', 'SP'), ('NOUN', 'SP'), ('ADP', 'E_RD'), ('NOUN', 'S'), ('ADP', 'E'), ('DET', 'RD'), ('NOUN', 'S'), ('ADP', 'E_RD'), ('DET', 'AP'), ('NOUN', 'S'), ('VERB', 'S'), ('ADP', 'E_RD'), ('DET', 'AP'), ('NOUN', 'S'), ('AUX', 'VA'), ('VERB', 'V'), ('PROPN', 'SP'), ('ADJ', 'A'), ('ADP', 'E'), ('NOUN', 'S'), ('ADV', 'BN'), ('AUX', 'VA'), ('ADV', 'B'), ('AUX', 'V'), ('ADV', 'B'), ('VERB', 'V'), ('ADP', 'E_RD'), ('NOUN', 'S'), ('PUNCT', 'FS')]","['LOC', 'PER', 'PER', 'LOC', 'LOC', 'MISC', 'PER']","[Buttato, Massacrato Con, Digrignata Volta, Penetrata, Lettere, Non sono mai stato, Tanto Attaccato]"
2,Pellegrinaggio.txt,Pellegrinaggio,Giuseppe Ungaretti ,Il porto sepolto,1916,L'Allegria,1931.0,"In agguato in queste budella di macerie ore e ore ho strascicato la mia carcassa usata dal fango come una suola o come un seme di spinalba
Ungaretti uomo di pena ti basta un’illusione per farti coraggio
Un riflettore di là mette un mare nella nebbia",In agguato in queste budella di macerie ore e ore ho strascicato la mia carcassa usata dal fango come una suola o come un seme di spinalba Ungaretti uomo di pena ti basta un’illusione per farti coraggio Un riflettore di là mette un mare nella nebbia,"['In', 'agguato', 'in', 'queste', 'budella', 'di', 'macerie', 'ore', 'e', 'ore', 'ho', 'strascicato', 'la', 'mia', 'carcassa', 'usata', 'dal', 'fango', 'come', 'una', 'suola', 'o', 'come', 'un', 'seme', 'di', 'spinalba', 'Ungaretti', 'uomo', 'di', 'pena', 'ti', 'basta', 'un’', 'illusione', 'per', 'farti', 'coraggio', 'Un', 'riflettore', 'di', 'là', 'mette', 'un', 'mare', 'nella', 'nebbia']","['in', 'agguato', 'in', 'questo', 'budella', 'di', 'maceria', 'ora', 'e', 'ora', 'avere', 'strascicare', 'il', 'mio', 'carcassa', 'usare', 'da il', 'fango', 'come', 'uno', 'suola', 'o', 'come', 'uno', 'seme', 'di', 'spinalba', 'Ungaretti', 'uomo', 'di', 'pena', 'ti', 'bastare', 'uno', 'illusione', 'per', 'farto', 'coraggio', 'uno', 'riflettore', 'di', 'là', 'mettere', 'uno', 'mare', 'in il', 'nebbia']","[('ADP', 'E'), ('NOUN', 'S'), ('ADP', 'E'), ('DET', 'DD'), ('NOUN', 'S'), ('ADP', 'E'), ('NOUN', 'S'), ('NOUN', 'S'), ('CCONJ', 'CC'), ('NOUN', 'S'), ('AUX', 'VA'), ('VERB', 'V'), ('DET', 'RD'), ('DET', 'AP'), ('NOUN', 'S'), ('VERB', 'V'), ('ADP', 'E_RD'), ('NOUN', 'S'), ('ADP', 'E'), ('DET', 'RI'), ('NOUN', 'S'), ('CCONJ', 'CC'), ('ADP', 'E'), ('DET', 'RI'), ('NOUN', 'S'), ('ADP', 'E'), ('ADJ', 'A'), ('PROPN', 'SP'), ('NOUN', 'S'), ('ADP', 'E'), ('NOUN', 'S'), ('PRON', 'PC'), ('VERB', 'V'), ('DET', 'RI'), ('NOUN', 'S'), ('ADP', 'E'), ('VERB', 'V_PC'), ('NOUN', 'S'), ('DET', 'RI'), ('NOUN', 'S'), ('ADP', 'E'), ('ADV', 'B'), ('VERB', 'V'), ('DET', 'RI'), ('NOUN', 'S'), ('ADP', 'E_RD'), ('NOUN', 'S')]","['PER', 'MISC']","[Ungaretti, Un riflettore di là]"
3,Fratelli.txt,Fratelli,Giuseppe Ungaretti ,Il porto sepolto ,1916,L'Allegria,1931.0,"Di che reggimento siete fratelli?
Parola tremante nella notte
Foglia appena nata
Nell’aria spasimante involontaria rivolta dell’uomo presente alla sua fragilità
Fratelli",Di che reggimento siete fratelli? Parola tremante nella notte Foglia appena nata Nell’aria spasimante involontaria rivolta dell’uomo presente alla sua fragilità Fratelli,"['Di', 'che', 'reggimento', 'siete', 'fratelli', '?', 'Parola', 'tremante', 'nella', 'notte', 'Foglia', 'appena', 'nata', 'Nell’', 'aria', 'spasimante', 'involontaria', 'rivolta', 'dell’', 'uomo', 'presente', 'alla', 'sua', 'fragilità', 'Fratelli']","['di', 'che', 'reggimento', 'essere', 'fratello', '?', 'parola', 'tremante', 'in il', 'notte', 'Foglia', 'appena', 'nascere', 'in il', 'aria', 'spasimante', 'involontario', 'rivolgere', 'di il', 'uomo', 'presente', 'a il', 'suo', 'fragilità', 'Fratelli']","[('ADP', 'E'), ('DET', 'DQ'), ('NOUN', 'S'), ('AUX', 'VA'), ('VERB', 'V'), ('PUNCT', 'FS'), ('NOUN', 'S'), ('ADJ', 'A'), ('ADP', 'E_RD'), ('NOUN', 'S'), ('PROPN', 'SP'), ('ADV', 'B'), ('VERB', 'V'), ('ADP', 'E_RD'), ('NOUN', 'S'), ('ADV', 'B'), ('ADJ', 'A'), ('VERB', 'V'), ('ADP', 'E_RD'), ('NOUN', 'S'), ('ADJ', 'A'), ('ADP', 'E_RD'), ('DET', 'AP'), ('NOUN', 'S'), ('PROPN', 'SP')]","['MISC', 'LOC', 'LOC']","[notte Foglia, Nell’, Fratelli]"
4,San Martino del Carso.txt,San Martino del Carso,Giuseppe Ungaretti ,Allegria di naufragi,1919,L'Allegria,1931.0,"Di queste case 
Non è rimasto 
Che qualche 
Brandello di muro 
Di tanti 
Che mi corrispondevano 
Non è rimasto 
Neppure tanto
Ma nel cuore 
Nessuna croce manca 
È il mio cuore 
Il paese più straziato",Di queste case  Non è rimasto  Che qualche  Brandello di muro  Di tanti  Che mi corrispondevano  Non è rimasto  Neppure tanto Ma nel cuore  Nessuna croce manca  È il mio cuore  Il paese più straziato,"['Di', 'queste', 'case', ' ', 'Non', 'è', 'rimasto', ' ', 'Che', 'qualche', ' ', 'Brandello', 'di', 'muro', ' ', 'Di', 'tanti', ' ', 'Che', 'mi', 'corrispondevano', ' ', 'Non', 'è', 'rimasto', ' ', 'Neppure', 'tanto', 'Ma', 'nel', 'cuore', ' ', 'Nessuna', 'croce', 'manca', ' ', 'È', 'il', 'mio', 'cuore', ' ', 'Il', 'paese', 'più', 'straziato']","['di', 'questo', 'casa', ' ', 'non', 'essere', 'rimanere', ' ', 'che', 'qualche', ' ', 'Brandello', 'di', 'muro', ' ', 'di', 'tanto', ' ', 'che', 'mi', 'corrispondevare', ' ', 'non', 'essere', 'rimanere', ' ', 'neppure', 'tanto', 'Ma', 'in il', 'cuore', ' ', 'nessuno', 'croce', 'mancare', ' ', 'essere', 'il', 'mio', 'cuore', ' ', 'il', 'paese', 'più', 'straziare']","[('ADP', 'E'), ('DET', 'DD'), ('NOUN', 'S'), ('SPACE', '_SP'), ('ADV', 'BN'), ('AUX', 'VA'), ('VERB', 'V'), ('SPACE', '_SP'), ('SCONJ', 'CS'), ('DET', 'DI'), ('SPACE', '_SP'), ('NOUN', 'SP'), ('ADP', 'E'), ('NOUN', 'S'), ('SPACE', '_SP'), ('ADP', 'E'), ('DET', 'DI'), ('SPACE', '_SP'), ('PRON', 'PR'), ('PRON', 'PC'), ('VERB', 'V'), ('SPACE', '_SP'), ('ADV', 'BN'), ('AUX', 'VA'), ('VERB', 'V'), ('SPACE', '_SP'), ('ADV', 'BN'), ('PRON', 'PI'), ('CCONJ', 'CC'), ('ADP', 'E_RD'), ('NOUN', 'S'), ('SPACE', '_SP'), ('DET', 'DI'), ('NOUN', 'S'), ('VERB', 'V'), ('SPACE', '_SP'), ('AUX', 'V'), ('DET', 'RD'), ('DET', 'AP'), ('NOUN', 'S'), ('SPACE', '_SP'), ('DET', 'RD'), ('NOUN', 'S'), ('ADV', 'B'), ('ADJ', 'V')]","['LOC', 'PER', 'MISC']","[Brandello, Neppure, Ma nel cuore  Nessuna croce manca  È il mio cuore  Il paese più straziato]"
5,Soldati.txt,Soldati,Giuseppe Ungaretti ,Allegria di naufragi ,1919,L'Allegria,1931.0,"Si sta come 
D’autunno 
Sugli alberi 
Le foglie.",Si sta come  D’autunno  Sugli alberi  Le foglie.,"['Si', 'sta', 'come', ' ', 'D’', 'autunno', ' ', 'Sugli', 'alberi', ' ', 'Le', 'foglie', '.']","['si', 'stare', 'come', ' ', 'D’', 'autunno', ' ', 'Sugli', 'albero', ' ', 'il', 'foglia', '.']","[('PRON', 'PC'), ('VERB', 'V'), ('ADP', 'E'), ('SPACE', '_SP'), ('ADP', 'E'), ('NOUN', 'S'), ('SPACE', '_SP'), ('ADP', 'E_RD'), ('NOUN', 'S'), ('SPACE', '_SP'), ('DET', 'RD'), ('NOUN', 'S'), ('PUNCT', 'FS')]",[],[]
6,Sono una creatura.txt,Sono una creatura,Giuseppe Ungaretti ,Allegria di naufragi ,1919,L'Allegria,1931.0,Come questa pietra Del S. Michele Così fredda Così dura Così prosciugata Così refrattaria Così totalmente Disanimata  Come questa pietra È il mio pianto Che non si vede La morte Si sconta Vivendo.,Come questa pietra Del S. Michele Così fredda Così dura Così prosciugata Così refrattaria Così totalmente Disanimata  Come questa pietra È il mio pianto Che non si vede La morte Si sconta Vivendo.,"['Come', 'questa', 'pietra', 'Del', 'S.', 'Michele', 'Così', 'fredda', 'Così', 'dura', 'Così', 'prosciugata', 'Così', 'refrattaria', 'Così', 'totalmente', 'Disanimata', ' ', 'Come', 'questa', 'pietra', 'È', 'il', 'mio', 'pianto', 'Che', 'non', 'si', 'vede', 'La', 'morte', 'Si', 'sconta', 'Vivendo', '.']","['come', 'questo', 'pietra', 'Del', 'S.', 'Michele', 'Così', 'freddare', 'Così', 'durare', 'Così', 'prosciugare', 'Così', 'refrattario', 'così', 'totalmente', 'Disanimata', ' ', 'come', 'questo', 'pietra', 'essere', 'il', 'mio', 'pianto', 'che', 'non', 'si', 'vedere', 'il', 'morte', 'Si', 'scontare', 'Vivere', '.']","[('ADP', 'E'), ('DET', 'DD'), ('NOUN', 'S'), ('PROPN', 'SP'), ('PROPN', 'SP'), ('PROPN', 'SP'), ('ADV', 'B'), ('VERB', 'V'), ('ADV', 'B'), ('VERB', 'V'), ('ADV', 'B'), ('VERB', 'V'), ('ADV', 'B'), ('VERB', 'V'), ('ADV', 'B'), ('ADV', 'B'), ('PROPN', 'SP'), ('SPACE', '_SP'), ('ADP', 'E'), ('DET', 'DD'), ('NOUN', 'S'), ('AUX', 'V'), ('DET', 'RD'), ('DET', 'AP'), ('NOUN', 'S'), ('PRON', 'PR'), ('ADV', 'BN'), ('PRON', 'PC'), ('VERB', 'V'), ('DET', 'RD'), ('NOUN', 'S'), ('PRON', 'PC'), ('VERB', 'V'), ('VERB', 'SP'), ('PUNCT', 'FS')]","['PER', 'MISC', 'MISC', 'ORG', 'ORG']","[Del S. Michele, Così fredda Così, Così refrattaria Così totalmente Disanimata, Che, Vivendo]"
7,Dulce et Decorum Est.txt,Dulce et decorum,Wilfred Owen,Poems,1920,,,"Dulce et Decorum Est
Bent double, like old beggars under sacks,
Knock-kneed, coughing like hags, we cursed through sludge,
Till on the haunting flares we turned our backs,
And towards our distant rest began to trudge.
Men marched asleep. Many had lost their boots,
But limped on, blood-shod. All went lame; all blind;
Drunk with fatigue; deaf even to the hoots
Of gas-shells dropping softly behind.

Gas! GAS! Quick, boys!—An ecstasy of fumbling
Fitting the clumsy helmets just in time,
But someone still was yelling out and stumbling
And flound’ring like a man in fire or lime.—
Dim through the misty panes and thick green light,
As under a green sea, I saw him drowning.

In all my dreams before my helpless sight,
He plunges at me, guttering, choking, drowning.

If in some smothering dreams, you too could pace
Behind the wagon that we flung him in,
And watch the white eyes writhing in his face,
His hanging face, like a devil’s sick of sin;
If you could hear, at every jolt, the blood
Come gargling from the froth-corrupted lungs,
Obscene as cancer, bitter as the cud
Of vile, incurable sores on innocent tongues,—
My friend, you would not tell with such high zest
To children ardent for some desperate glory,
The old Lie: Dulce et decorum est
Pro patria mori.
","Dulce et Decorum Est Bent double, like old beggars under sacks, Knock-kneed, coughing like hags, we cursed through sludge, Till on the haunting flares we turned our backs, And towards our distant rest began to trudge. Men marched asleep. Many had lost their boots, But limped on, blood-shod. All went lame; all blind; Drunk with fatigue; deaf even to the hoots Of gas-shells dropping softly behind.  Gas! GAS! Quick, boys!—An ecstasy of fumbling Fitting the clumsy helmets just in time, But someone still was yelling out and stumbling And flound’ring like a man in fire or lime.— Dim through the misty panes and thick green light, As under a green sea, I saw him drowning.  In all my dreams before my helpless sight, He plunges at me, guttering, choking, drowning.  If in some smothering dreams, you too could pace Behind the wagon that we flung him in, And watch the white eyes writhing in his face, His hanging face, like a devil’s sick of sin; If you could hear, at every jolt, the blood Come gargling from the froth-corrupted lungs, Obscene as cancer, bitter as the cud Of vile, incurable sores on innocent tongues,— My friend, you would not tell with such high zest To children ardent for some desperate glory, The old Lie: Dulce et decorum est Pro patria mori.","['Dulce', 'et', 'Decorum', 'Est', 'Bent', 'double', ',', 'like', 'old', 'beggars', 'under', 'sacks', ',', 'Knock', '-', 'kneed', ',', 'coughing', 'like', 'hags', ',', 'we', 'cursed', 'through', 'sludge', ',', 'Till', 'on', 'the', 'haunting', 'flares', 'we', 'turned', 'our', 'backs', ',', 'And', 'towards', 'our', 'distant', 'rest', 'began', 'to', 'trudge', '.', 'Men', 'marched', 'asleep', '.', 'Many', 'had', 'lost', 'their', 'boots', ',', 'But', 'limped', 'on', ',', 'blood', '-', 'shod', '.', 'All', 'went', 'lame', ';', 'all', 'blind', ';', 'Drunk', 'with', 'fatigue', ';', 'deaf', 'even', 'to', 'the', 'hoots', 'Of', 'gas', '-', 'shells', 'dropping', 'softly', 'behind', '.', ' ', 'Gas', '!', 'GAS', '!', 'Quick', ',', 'boys!—An', 'ecstasy', 'of', 'fumbling', 'Fitting', 'the', 'clumsy', 'helmets', 'just', 'in', 'time', ',', 'But', 'someone', 'still', 'was', 'yelling', 'out', 'and', 'stumbling', 'And', 'flound’ring', 'like', 'a', 'man', 'in', 'fire', 'or', 'lime', '.', '—', 'Dim', 'through', 'the', 'misty', 'panes', 'and', 'thick', 'green', 'light', ',', 'As', 'under', 'a', 'green', 'sea', ',', 'I', 'saw', 'him', 'drowning', '.', ' ', 'In', 'all', 'my', 'dreams', 'before', 'my', 'helpless', 'sight', ',', 'He', 'plunges', 'at', 'me', ',', 'guttering', ',', 'choking', ',', 'drowning', '.', ' ', 'If', 'in', 'some', 'smothering', 'dreams', ',', 'you', 'too', 'could', 'pace', 'Behind', 'the', 'wagon', 'that', 'we', 'flung', 'him', 'in', ',', 'And', 'watch', 'the', 'white', 'eyes', 'writhing', 'in', 'his', 'face', ',', 'His', 'hanging', 'face', ',', 'like', 'a', 'devil', '’s', 'sick', 'of', 'sin', ';', 'If', 'you', 'could', 'hear', ',', 'at', 'every', 'jolt', ',', 'the', 'blood', 'Come', 'gargling', 'from', 'the', 'froth', '-', 'corrupted', 'lungs', ',', 'Obscene', 'as', 'cancer', ',', 'bitter', 'as', 'the', 'cud', 'Of', 'vile', ',', 'incurable', 'sores', 'on', 'innocent', 'tongues', ',', '—', 'My', 'friend', ',', 'you', 'would', 'not', 'tell', 'with', 'such', 'high', 'zest', 'To', 'children', 'ardent', 'for', 'some', 'desperate', 'glory', ',', 'The', 'old', 'Lie', ':', 'Dulce', 'et', 'decorum', 'est', 'Pro', 'patria', 'mori', '.']","['Dulce', 'et', 'Decorum', 'Est', 'Bent', 'double', ',', 'like', 'old', 'beggar', 'under', 'sack', ',', 'Knock', '-', 'kneed', ',', 'cough', 'like', 'hag', ',', 'we', 'curse', 'through', 'sludge', ',', 'till', 'on', 'the', 'haunt', 'flare', 'we', 'turn', 'our', 'back', ',', 'and', 'towards', 'our', 'distant', 'rest', 'begin', 'to', 'trudge', '.', 'man', 'march', 'asleep', '.', 'many', 'have', 'lose', 'their', 'boot', ',', 'but', 'limp', 'on', ',', 'blood', '-', 'shod', '.', 'all', 'go', 'lame', ';', 'all', 'blind', ';', 'drunk', 'with', 'fatigue', ';', 'deaf', 'even', 'to', 'the', 'hoot', 'of', 'gas', '-', 'shell', 'drop', 'softly', 'behind', '.', ' ', 'gas', '!', 'GAS', '!', 'Quick', ',', 'boys!—an', 'ecstasy', 'of', 'fumble', 'Fitting', 'the', 'clumsy', 'helmet', 'just', 'in', 'time', ',', 'but', 'someone', 'still', 'be', 'yell', 'out', 'and', 'stumble', 'and', 'flound’ring', 'like', 'a', 'man', 'in', 'fire', 'or', 'lime', '.', '—', 'dim', 'through', 'the', 'misty', 'pane', 'and', 'thick', 'green', 'light', ',', 'as', 'under', 'a', 'green', 'sea', ',', 'I', 'see', 'he', 'drown', '.', ' ', 'in', 'all', 'my', 'dream', 'before', 'my', 'helpless', 'sight', ',', 'he', 'plunge', 'at', 'I', ',', 'gutter', ',', 'choking', ',', 'drowning', '.', ' ', 'if', 'in', 'some', 'smothering', 'dream', ',', 'you', 'too', 'could', 'pace', 'behind', 'the', 'wagon', 'that', 'we', 'fling', 'he', 'in', ',', 'and', 'watch', 'the', 'white', 'eye', 'writhe', 'in', 'his', 'face', ',', 'his', 'hang', 'face', ',', 'like', 'a', 'devil', '’s', 'sick', 'of', 'sin', ';', 'if', 'you', 'could', 'hear', ',', 'at', 'every', 'jolt', ',', 'the', 'blood', 'come', 'gargle', 'from', 'the', 'froth', '-', 'corrupt', 'lung', ',', 'obscene', 'as', 'cancer', ',', 'bitter', 'as', 'the', 'cud', 'of', 'vile', ',', 'incurable', 'sore', 'on', 'innocent', 'tongue', ',', '—', 'my', 'friend', ',', 'you', 'would', 'not', 'tell', 'with', 'such', 'high', 'zest', 'to', 'child', 'ardent', 'for', 'some', 'desperate', 'glory', ',', 'the', 'old', 'lie', ':', 'Dulce', 'et', 'decorum', 'est', 'pro', 'patria', 'mori', '.']","[('PROPN', 'NNP'), ('PROPN', 'NNP'), ('PROPN', 'NNP'), ('PROPN', 'NNP'), ('PROPN', 'NNP'), ('ADJ', 'JJ'), ('PUNCT', ','), ('ADP', 'IN'), ('ADJ', 'JJ'), ('NOUN', 'NNS'), ('ADP', 'IN'), ('NOUN', 'NNS'), ('PUNCT', ','), ('PROPN', 'NNP'), ('PUNCT', 'HYPH'), ('NOUN', 'NN'), ('PUNCT', ','), ('VERB', 'VBG'), ('ADP', 'IN'), ('NOUN', 'NNS'), ('PUNCT', ','), ('PRON', 'PRP'), ('VERB', 'VBD'), ('ADP', 'IN'), ('NOUN', 'NN'), ('PUNCT', ','), ('SCONJ', 'IN'), ('ADP', 'IN'), ('DET', 'DT'), ('VERB', 'VBG'), ('NOUN', 'NNS'), ('PRON', 'PRP'), ('VERB', 'VBD'), ('PRON', 'PRP$'), ('NOUN', 'NNS'), ('PUNCT', ','), ('CCONJ', 'CC'), ('ADP', 'IN'), ('PRON', 'PRP$'), ('ADJ', 'JJ'), ('NOUN', 'NN'), ('VERB', 'VBD'), ('PART', 'TO'), ('VERB', 'VB'), ('PUNCT', '.'), ('NOUN', 'NNS'), ('VERB', 'VBD'), ('ADJ', 'JJ'), ('PUNCT', '.'), ('ADJ', 'JJ'), ('AUX', 'VBD'), ('VERB', 'VBN'), ('PRON', 'PRP$'), ('NOUN', 'NNS'), ('PUNCT', ','), ('CCONJ', 'CC'), ('VERB', 'VBD'), ('ADP', 'RP'), ('PUNCT', ','), ('NOUN', 'NN'), ('PUNCT', 'HYPH'), ('NOUN', 'NN'), ('PUNCT', '.'), ('PRON', 'DT'), ('VERB', 'VBD'), ('ADJ', 'JJ'), ('PUNCT', ':'), ('PRON', 'DT'), ('ADJ', 'JJ'), ('PUNCT', ':'), ('ADJ', 'JJ'), ('ADP', 'IN'), ('NOUN', 'NN'), ('PUNCT', ':'), ('ADJ', 'JJ'), ('ADV', 'RB'), ('ADP', 'IN'), ('DET', 'DT'), ('NOUN', 'NNS'), ('ADP', 'IN'), ('NOUN', 'NN'), ('PUNCT', 'HYPH'), ('NOUN', 'NNS'), ('VERB', 'VBG'), ('ADV', 'RB'), ('ADV', 'RB'), ('PUNCT', '.'), ('SPACE', '_SP'), ('NOUN', 'NN'), ('PUNCT', '.'), ('PROPN', 'NNP'), ('PUNCT', '.'), ('PROPN', 'NNP'), ('PUNCT', ','), ('VERB', 'VBP'), ('NOUN', 'NN'), ('ADP', 'IN'), ('VERB', 'VBG'), ('PROPN', 'NNP'), ('DET', 'DT'), ('ADJ', 'JJ'), ('NOUN', 'NNS'), ('ADV', 'RB'), ('ADP', 'IN'), ('NOUN', 'NN'), ('PUNCT', ','), ('CCONJ', 'CC'), ('PRON', 'NN'), ('ADV', 'RB'), ('AUX', 'VBD'), ('VERB', 'VBG'), ('ADP', 'RP'), ('CCONJ', 'CC'), ('VERB', 'VBG'), ('CCONJ', 'CC'), ('NOUN', 'NN'), ('ADP', 'IN'), ('DET', 'DT'), ('NOUN', 'NN'), ('ADP', 'IN'), ('NOUN', 'NN'), ('CCONJ', 'CC'), ('NOUN', 'NN'), ('PUNCT', '.'), ('PUNCT', ':'), ('VERB', 'VB'), ('ADP', 'IN'), ('DET', 'DT'), ('ADJ', 'JJ'), ('NOUN', 'NNS'), ('CCONJ', 'CC'), ('ADJ', 'JJ'), ('ADJ', 'JJ'), ('NOUN', 'NN'), ('PUNCT', ','), ('ADP', 'IN'), ('ADP', 'IN'), ('DET', 'DT'), ('ADJ', 'JJ'), ('NOUN', 'NN'), ('PUNCT', ','), ('PRON', 'PRP'), ('VERB', 'VBD'), ('PRON', 'PRP'), ('VERB', 'VBG'), ('PUNCT', '.'), ('SPACE', '_SP'), ('ADP', 'IN'), ('DET', 'PDT'), ('PRON', 'PRP$'), ('NOUN', 'NNS'), ('ADP', 'IN'), ('PRON', 'PRP$'), ('ADJ', 'JJ'), ('NOUN', 'NN'), ('PUNCT', ','), ('PRON', 'PRP'), ('VERB', 'VBZ'), ('ADP', 'IN'), ('PRON', 'PRP'), ('PUNCT', ','), ('VERB', 'VBG'), ('PUNCT', ','), ('ADJ', 'JJ'), ('PUNCT', ','), ('NOUN', 'NN'), ('PUNCT', '.'), ('SPACE', '_SP'), ('SCONJ', 'IN'), ('ADP', 'IN'), ('DET', 'DT'), ('NOUN', 'NN'), ('NOUN', 'NNS'), ('PUNCT', ','), ('PRON', 'PRP'), ('ADV', 'RB'), ('AUX', 'MD'), ('VERB', 'VB'), ('ADP', 'IN'), ('DET', 'DT'), ('NOUN', 'NN'), ('PRON', 'WDT'), ('PRON', 'PRP'), ('VERB', 'VBD'), ('PRON', 'PRP'), ('ADP', 'RP'), ('PUNCT', ','), ('CCONJ', 'CC'), ('VERB', 'VB'), ('DET', 'DT'), ('ADJ', 'JJ'), ('NOUN', 'NNS'), ('VERB', 'VBG'), ('ADP', 'IN'), ('PRON', 'PRP$'), ('NOUN', 'NN'), ('PUNCT', ','), ('PRON', 'PRP$'), ('VERB', 'VBG'), ('NOUN', 'NN'), ('PUNCT', ','), ('ADP', 'IN'), ('DET', 'DT'), ('NOUN', 'NN'), ('PART', 'POS'), ('ADJ', 'JJ'), ('ADP', 'IN'), ('NOUN', 'NN'), ('PUNCT', ':'), ('SCONJ', 'IN'), ('PRON', 'PRP'), ('AUX', 'MD'), ('VERB', 'VB'), ('PUNCT', ','), ('ADP', 'IN'), ('DET', 'DT'), ('NOUN', 'NN'), ('PUNCT', ','), ('DET', 'DT'), ('NOUN', 'NN'), ('AUX', 'VBD'), ('VERB', 'VBG'), ('ADP', 'IN'), ('DET', 'DT'), ('NOUN', 'NN'), ('PUNCT', 'HYPH'), ('VERB', 'VBN'), ('NOUN', 'NNS'), ('PUNCT', ','), ('ADJ', 'JJ'), ('ADP', 'IN'), ('NOUN', 'NN'), ('PUNCT', ','), ('ADJ', 'JJ'), ('ADP', 'IN'), ('DET', 'DT'), ('NOUN', 'NN'), ('ADP', 'IN'), ('ADJ', 'JJ'), ('PUNCT', ','), ('ADJ', 'JJ'), ('NOUN', 'NNS'), ('ADP', 'IN'), ('ADJ', 'JJ'), ('NOUN', 'NNS'), ('PUNCT', ','), ('PUNCT', ':'), ('PRON', 'PRP$'), ('NOUN', 'NN'), ('PUNCT', ','), ('PRON', 'PRP'), ('AUX', 'MD'), ('PART', 'RB'), ('VERB', 'VB'), ('ADP', 'IN'), ('ADJ', 'JJ'), ('ADJ', 'JJ'), ('NOUN', 'NN'), ('ADP', 'IN'), ('NOUN', 'NNS'), ('ADJ', 'JJ'), ('ADP', 'IN'), ('DET', 'DT'), ('ADJ', 'JJ'), ('NOUN', 'NN'), ('PUNCT', ','), ('DET', 'DT'), ('ADJ', 'JJ'), ('NOUN', 'NN'), ('PUNCT', ':'), ('PROPN', 'NNP'), ('NOUN', 'NN'), ('NOUN', 'NN'), ('X', 'FW'), ('ADJ', 'JJ'), ('NOUN', 'NN'), ('NOUN', 'NN'), ('PUNCT', '.')]","['GPE', 'ORG', 'ORG', 'PERSON']","[Dulce, Quick, Fitting, Obscene]"
8,Suicide in the Trenches.txt,Suicide in the trenches,Siegfried Sassoon,Counter-Attacks and other poems,1918,,,"Suicide In The Trenches
I knew a simple soldier boy
Who grinned at life in empty joy,
Slept soundly through the lonesome dark,
And whistled early with the lark.

In winter trenches, cowed and glum,
With crumps and lice and lack of rum,
He put a bullet through his brain.
No one spoke of him again.

You smug-faced crowds with kindling eye
Who cheer when soldier lads march by,
Sneak home and pray you'll never know
The hell where youth and laughter go.
","Suicide In The Trenches I knew a simple soldier boy Who grinned at life in empty joy, Slept soundly through the lonesome dark, And whistled early with the lark.  In winter trenches, cowed and glum, With crumps and lice and lack of rum, He put a bullet through his brain. No one spoke of him again.  You smug-faced crowds with kindling eye Who cheer when soldier lads march by, Sneak home and pray you'll never know The hell where youth and laughter go.","['Suicide', 'In', 'The', 'Trenches', 'I', 'knew', 'a', 'simple', 'soldier', 'boy', 'Who', 'grinned', 'at', 'life', 'in', 'empty', 'joy', ',', 'Slept', 'soundly', 'through', 'the', 'lonesome', 'dark', ',', 'And', 'whistled', 'early', 'with', 'the', 'lark', '.', ' ', 'In', 'winter', 'trenches', ',', 'cowed', 'and', 'glum', ',', 'With', 'crumps', 'and', 'lice', 'and', 'lack', 'of', 'rum', ',', 'He', 'put', 'a', 'bullet', 'through', 'his', 'brain', '.', 'No', 'one', 'spoke', 'of', 'him', 'again', '.', ' ', 'You', 'smug', '-', 'faced', 'crowds', 'with', 'kindling', 'eye', 'Who', 'cheer', 'when', 'soldier', 'lads', 'march', 'by', ',', 'Sneak', 'home', 'and', 'pray', 'you', ""'ll"", 'never', 'know', 'The', 'hell', 'where', 'youth', 'and', 'laughter', 'go', '.']","['suicide', 'in', 'the', 'Trenches', 'I', 'know', 'a', 'simple', 'soldier', 'boy', 'who', 'grin', 'at', 'life', 'in', 'empty', 'joy', ',', 'sleep', 'soundly', 'through', 'the', 'lonesome', 'dark', ',', 'and', 'whistle', 'early', 'with', 'the', 'lark', '.', ' ', 'in', 'winter', 'trench', ',', 'cow', 'and', 'glum', ',', 'with', 'crump', 'and', 'lice', 'and', 'lack', 'of', 'rum', ',', 'he', 'put', 'a', 'bullet', 'through', 'his', 'brain', '.', 'no', 'one', 'speak', 'of', 'he', 'again', '.', ' ', 'you', 'smug', '-', 'face', 'crowd', 'with', 'kindling', 'eye', 'who', 'cheer', 'when', 'soldier', 'lad', 'march', 'by', ',', 'sneak', 'home', 'and', 'pray', 'you', 'will', 'never', 'know', 'the', 'hell', 'where', 'youth', 'and', 'laughter', 'go', '.']","[('NOUN', 'NN'), ('ADP', 'IN'), ('DET', 'DT'), ('PROPN', 'NNPS'), ('PRON', 'PRP'), ('VERB', 'VBD'), ('DET', 'DT'), ('ADJ', 'JJ'), ('NOUN', 'NN'), ('NOUN', 'NN'), ('PRON', 'WP'), ('VERB', 'VBD'), ('ADP', 'IN'), ('NOUN', 'NN'), ('ADP', 'IN'), ('ADJ', 'JJ'), ('NOUN', 'NN'), ('PUNCT', ','), ('VERB', 'VBN'), ('ADV', 'RB'), ('ADP', 'IN'), ('DET', 'DT'), ('ADJ', 'JJ'), ('NOUN', 'NN'), ('PUNCT', ','), ('CCONJ', 'CC'), ('VERB', 'VBD'), ('ADV', 'RB'), ('ADP', 'IN'), ('DET', 'DT'), ('NOUN', 'NN'), ('PUNCT', '.'), ('SPACE', '_SP'), ('ADP', 'IN'), ('NOUN', 'NN'), ('NOUN', 'NNS'), ('PUNCT', ','), ('VERB', 'VBN'), ('CCONJ', 'CC'), ('VERB', 'VB'), ('PUNCT', ','), ('ADP', 'IN'), ('NOUN', 'NNS'), ('CCONJ', 'CC'), ('NOUN', 'NN'), ('CCONJ', 'CC'), ('NOUN', 'NN'), ('ADP', 'IN'), ('NOUN', 'NN'), ('PUNCT', ','), ('PRON', 'PRP'), ('VERB', 'VBD'), ('DET', 'DT'), ('NOUN', 'NN'), ('ADP', 'IN'), ('PRON', 'PRP$'), ('NOUN', 'NN'), ('PUNCT', '.'), ('DET', 'DT'), ('NOUN', 'NN'), ('VERB', 'VBD'), ('ADP', 'IN'), ('PRON', 'PRP'), ('ADV', 'RB'), ('PUNCT', '.'), ('SPACE', '_SP'), ('PRON', 'PRP'), ('ADJ', 'JJ'), ('PUNCT', 'HYPH'), ('VERB', 'VBN'), ('NOUN', 'NNS'), ('ADP', 'IN'), ('NOUN', 'NN'), ('NOUN', 'NN'), ('PRON', 'WP'), ('VERB', 'VBP'), ('SCONJ', 'WRB'), ('NOUN', 'NN'), ('VERB', 'VBZ'), ('PROPN', 'NNP'), ('ADP', 'IN'), ('PUNCT', ','), ('VERB', 'VB'), ('ADV', 'RB'), ('CCONJ', 'CC'), ('VERB', 'VB'), ('PRON', 'PRP'), ('AUX', 'MD'), ('ADV', 'RB'), ('VERB', 'VB'), ('DET', 'DT'), ('NOUN', 'NN'), ('SCONJ', 'WRB'), ('NOUN', 'NN'), ('CCONJ', 'CC'), ('NOUN', 'NN'), ('VERB', 'VBP'), ('PUNCT', '.')]",['DATE'],[winter]
9,August 1914.txt,August 1914,Isaac Rosemberg,Collected Works,1922,,,"August 1914
What in our lives is burnt
In the fire of this?
The heart's dear granary?
The much we shall miss?

Three lives hath one life—
Iron, honey, gold.
The gold, the honey gone—
Left is the hard and cold.

Iron are our lives
Molten right through our youth.
A burnt space through ripe fields,
A fair mouth's broken tooth.
","August 1914 What in our lives is burnt In the fire of this? The heart's dear granary? The much we shall miss?  Three lives hath one life— Iron, honey, gold. The gold, the honey gone— Left is the hard and cold.  Iron are our lives Molten right through our youth. A burnt space through ripe fields, A fair mouth's broken tooth.","['August', '1914', 'What', 'in', 'our', 'lives', 'is', 'burnt', 'In', 'the', 'fire', 'of', 'this', '?', 'The', 'heart', ""'s"", 'dear', 'granary', '?', 'The', 'much', 'we', 'shall', 'miss', '?', ' ', 'Three', 'lives', 'hath', 'one', 'life', '—', 'Iron', ',', 'honey', ',', 'gold', '.', 'The', 'gold', ',', 'the', 'honey', 'gone', '—', 'Left', 'is', 'the', 'hard', 'and', 'cold', '.', ' ', 'Iron', 'are', 'our', 'lives', 'Molten', 'right', 'through', 'our', 'youth', '.', 'A', 'burnt', 'space', 'through', 'ripe', 'fields', ',', 'A', 'fair', 'mouth', ""'s"", 'broken', 'tooth', '.']","['August', '1914', 'what', 'in', 'our', 'life', 'be', 'burn', 'in', 'the', 'fire', 'of', 'this', '?', 'the', 'heart', ""'s"", 'dear', 'granary', '?', 'the', 'much', 'we', 'shall', 'miss', '?', ' ', 'three', 'life', 'hath', 'one', 'life', '—', 'Iron', ',', 'honey', ',', 'gold', '.', 'the', 'gold', ',', 'the', 'honey', 'go', '—', 'leave', 'be', 'the', 'hard', 'and', 'cold', '.', ' ', 'Iron', 'be', 'our', 'life', 'molten', 'right', 'through', 'our', 'youth', '.', 'a', 'burn', 'space', 'through', 'ripe', 'field', ',', 'a', 'fair', 'mouth', ""'s"", 'broken', 'tooth', '.']","[('PROPN', 'NNP'), ('NUM', 'CD'), ('PRON', 'WP'), ('ADP', 'IN'), ('PRON', 'PRP$'), ('NOUN', 'NNS'), ('AUX', 'VBZ'), ('VERB', 'VBN'), ('ADP', 'IN'), ('DET', 'DT'), ('NOUN', 'NN'), ('ADP', 'IN'), ('PRON', 'DT'), ('PUNCT', '.'), ('DET', 'DT'), ('NOUN', 'NN'), ('PART', 'POS'), ('ADJ', 'JJ'), ('NOUN', 'NN'), ('PUNCT', '.'), ('DET', 'DT'), ('ADV', 'RB'), ('PRON', 'PRP'), ('AUX', 'MD'), ('VERB', 'VB'), ('PUNCT', '.'), ('SPACE', '_SP'), ('NUM', 'CD'), ('NOUN', 'NNS'), ('VERB', 'VBP'), ('NUM', 'CD'), ('NOUN', 'NN'), ('PUNCT', ':'), ('PROPN', 'NNP'), ('PUNCT', ','), ('NOUN', 'NN'), ('PUNCT', ','), ('NOUN', 'NN'), ('PUNCT', '.'), ('DET', 'DT'), ('NOUN', 'NN'), ('PUNCT', ','), ('DET', 'DT'), ('NOUN', 'NN'), ('VERB', 'VBD'), ('PUNCT', ':'), ('VERB', 'VBN'), ('AUX', 'VBZ'), ('DET', 'DT'), ('ADJ', 'JJ'), ('CCONJ', 'CC'), ('ADJ', 'JJ'), ('PUNCT', '.'), ('SPACE', '_SP'), ('PROPN', 'NNP'), ('AUX', 'VBP'), ('PRON', 'PRP$'), ('NOUN', 'NNS'), ('ADJ', 'JJ'), ('ADV', 'RB'), ('ADP', 'IN'), ('PRON', 'PRP$'), ('NOUN', 'NN'), ('PUNCT', '.'), ('DET', 'DT'), ('VERB', 'VBN'), ('NOUN', 'NN'), ('ADP', 'IN'), ('ADJ', 'JJ'), ('NOUN', 'NNS'), ('PUNCT', ','), ('DET', 'DT'), ('ADJ', 'JJ'), ('NOUN', 'NN'), ('PART', 'POS'), ('ADJ', 'JJ'), ('NOUN', 'NN'), ('PUNCT', '.')]","['DATE', 'CARDINAL', 'CARDINAL']","[August 1914, Three, one]"
10,Survivors.txt,Survivors,Siegfried Sassoon,Counter-Attacks and other poems,1918,,,"Survivors
No doubt they’ll soon get well; the shock and strain  
Have caused their stammering, disconnected talk.  
Of course they’re ‘longing to go out again,’—  
These boys with old, scared faces, learning to walk.  
They’ll soon forget their haunted nights; their cowed  
Subjection to the ghosts of friends who died,—  
Their dreams that drip with murder; and they’ll be proud  
Of glorious war that shatter’d all their pride…  
Men who went out to battle, grim and glad;  
Children, with eyes that hate you, broken and mad.
","Survivors No doubt they’ll soon get well; the shock and strain   Have caused their stammering, disconnected talk.   Of course they’re ‘longing to go out again,’—   These boys with old, scared faces, learning to walk.   They’ll soon forget their haunted nights; their cowed   Subjection to the ghosts of friends who died,—   Their dreams that drip with murder; and they’ll be proud   Of glorious war that shatter’d all their pride…   Men who went out to battle, grim and glad;   Children, with eyes that hate you, broken and mad.","['Survivors', 'No', 'doubt', 'they', '’ll', 'soon', 'get', 'well', ';', 'the', 'shock', 'and', 'strain', '\xa0  ', 'Have', 'caused', 'their', 'stammering', ',', 'disconnected', 'talk', '.', '\xa0  ', 'Of', 'course', 'they', '’re', '‘', 'longing', 'to', 'go', 'out', 'again', ',', '’', '—', '\xa0  ', 'These', 'boys', 'with', 'old', ',', 'scared', 'faces', ',', 'learning', 'to', 'walk', '.', '\xa0  ', 'They', '’ll', 'soon', 'forget', 'their', 'haunted', 'nights', ';', 'their', 'cowed', '\xa0  ', 'Subjection', 'to', 'the', 'ghosts', 'of', 'friends', 'who', 'died', ',', '—', '\xa0  ', 'Their', 'dreams', 'that', 'drip', 'with', 'murder', ';', 'and', 'they', '’ll', 'be', 'proud', '\xa0  ', 'Of', 'glorious', 'war', 'that', 'shatter’d', 'all', 'their', 'pride', '…', '\xa0  ', 'Men', 'who', 'went', 'out', 'to', 'battle', ',', 'grim', 'and', 'glad', ';', '\xa0  ', 'Children', ',', 'with', 'eyes', 'that', 'hate', 'you', ',', 'broken', 'and', 'mad', '.']","['survivor', 'no', 'doubt', 'they', '’ll', 'soon', 'get', 'well', ';', 'the', 'shock', 'and', 'strain', '\xa0  ', 'have', 'cause', 'their', 'stammering', ',', 'disconnected', 'talk', '.', '\xa0  ', 'of', 'course', 'they', '’re', ""'"", 'long', 'to', 'go', 'out', 'again', ',', ""'"", '—', '\xa0  ', 'these', 'boy', 'with', 'old', ',', 'scared', 'face', ',', 'learn', 'to', 'walk', '.', '\xa0  ', 'they', '’ll', 'soon', 'forget', 'their', 'haunted', 'night', ';', 'their', 'cow', '\xa0  ', 'Subjection', 'to', 'the', 'ghost', 'of', 'friend', 'who', 'die', ',', '—', '\xa0  ', 'their', 'dream', 'that', 'drip', 'with', 'murder', ';', 'and', 'they', '’ll', 'be', 'proud', '\xa0  ', 'of', 'glorious', 'war', 'that', 'shatter’d', 'all', 'their', 'pride', '…', '\xa0  ', 'man', 'who', 'go', 'out', 'to', 'battle', ',', 'grim', 'and', 'glad', ';', '\xa0  ', 'Children', ',', 'with', 'eye', 'that', 'hate', 'you', ',', 'break', 'and', 'mad', '.']","[('NOUN', 'NNS'), ('ADV', 'RB'), ('ADV', 'RB'), ('PRON', 'PRP'), ('AUX', 'MD'), ('ADV', 'RB'), ('VERB', 'VB'), ('ADV', 'RB'), ('PUNCT', ':'), ('DET', 'DT'), ('NOUN', 'NN'), ('CCONJ', 'CC'), ('NOUN', 'NN'), ('SPACE', '_SP'), ('AUX', 'VBP'), ('VERB', 'VBN'), ('PRON', 'PRP$'), ('NOUN', 'NN'), ('PUNCT', ','), ('ADJ', 'JJ'), ('NOUN', 'NN'), ('PUNCT', '.'), ('SPACE', '_SP'), ('ADV', 'RB'), ('ADV', 'RB'), ('PRON', 'PRP'), ('AUX', 'VBP'), ('PUNCT', '``'), ('VERB', 'VBG'), ('PART', 'TO'), ('VERB', 'VB'), ('ADP', 'RP'), ('ADV', 'RB'), ('PUNCT', ','), ('PUNCT', ""''""), ('PUNCT', ':'), ('SPACE', '_SP'), ('DET', 'DT'), ('NOUN', 'NNS'), ('ADP', 'IN'), ('ADJ', 'JJ'), ('PUNCT', ','), ('ADJ', 'JJ'), ('NOUN', 'NNS'), ('PUNCT', ','), ('VERB', 'VBG'), ('PART', 'TO'), ('VERB', 'VB'), ('PUNCT', '.'), ('SPACE', '_SP'), ('PRON', 'PRP'), ('AUX', 'MD'), ('ADV', 'RB'), ('VERB', 'VB'), ('PRON', 'PRP$'), ('ADJ', 'JJ'), ('NOUN', 'NNS'), ('PUNCT', ':'), ('PRON', 'PRP$'), ('VERB', 'VBN'), ('SPACE', '_SP'), ('PROPN', 'NNP'), ('ADP', 'IN'), ('DET', 'DT'), ('NOUN', 'NNS'), ('ADP', 'IN'), ('NOUN', 'NNS'), ('PRON', 'WP'), ('VERB', 'VBD'), ('PUNCT', ','), ('PUNCT', ':'), ('SPACE', '_SP'), ('PRON', 'PRP$'), ('NOUN', 'NNS'), ('PRON', 'WDT'), ('VERB', 'VBP'), ('ADP', 'IN'), ('NOUN', 'NN'), ('PUNCT', ':'), ('CCONJ', 'CC'), ('PRON', 'PRP'), ('AUX', 'MD'), ('AUX', 'VB'), ('ADJ', 'JJ'), ('SPACE', '_SP'), ('ADP', 'IN'), ('ADJ', 'JJ'), ('NOUN', 'NN'), ('PRON', 'WDT'), ('VERB', 'VBD'), ('DET', 'PDT'), ('PRON', 'PRP$'), ('NOUN', 'NN'), ('PUNCT', ':'), ('SPACE', '_SP'), ('NOUN', 'NNS'), ('PRON', 'WP'), ('VERB', 'VBD'), ('ADP', 'RP'), ('ADP', 'IN'), ('NOUN', 'NN'), ('PUNCT', ','), ('ADJ', 'JJ'), ('CCONJ', 'CC'), ('ADJ', 'JJ'), ('PUNCT', ':'), ('SPACE', '_SP'), ('PROPN', 'NNP'), ('PUNCT', ','), ('ADP', 'IN'), ('NOUN', 'NNS'), ('PRON', 'WDT'), ('VERB', 'VBP'), ('PRON', 'PRP'), ('PUNCT', ','), ('VERB', 'VBN'), ('CCONJ', 'CC'), ('ADJ', 'JJ'), ('PUNCT', '.')]",[],[]
11,Break of Day in the Trenches.txt,Break of Day in the Trenches,Isaac Rosemberg,Collected Works,1922,,,"Break of Day in the Trenches
The darkness crumbles away.
It is the same old druid Time as ever,
Only a live thing leaps my hand,
A queer sardonic rat,
As I pull the parapet’s poppy
To stick behind my ear.
Droll rat, they would shoot you if they knew
Your cosmopolitan sympathies.
Now you have touched this English hand
You will do the same to a German
Soon, no doubt, if it be your pleasure
To cross the sleeping green between.
It seems you inwardly grin as you pass
Strong eyes, fine limbs, haughty athletes,
Less chanced than you for life,
Bonds to the whims of murder,
Sprawled in the bowels of the earth,
The torn fields of France.
What do you see in our eyes
At the shrieking iron and flame
Hurled through still heavens?
What quaver—what heart aghast?
Poppies whose roots are in man’s veins
Drop, and are ever dropping;
But mine in my ear is safe—
Just a little white with the dust.
","Break of Day in the Trenches The darkness crumbles away. It is the same old druid Time as ever, Only a live thing leaps my hand, A queer sardonic rat, As I pull the parapet’s poppy To stick behind my ear. Droll rat, they would shoot you if they knew Your cosmopolitan sympathies. Now you have touched this English hand You will do the same to a German Soon, no doubt, if it be your pleasure To cross the sleeping green between. It seems you inwardly grin as you pass Strong eyes, fine limbs, haughty athletes, Less chanced than you for life, Bonds to the whims of murder, Sprawled in the bowels of the earth, The torn fields of France. What do you see in our eyes At the shrieking iron and flame Hurled through still heavens? What quaver—what heart aghast? Poppies whose roots are in man’s veins Drop, and are ever dropping; But mine in my ear is safe— Just a little white with the dust.","['Break', 'of', 'Day', 'in', 'the', 'Trenches', 'The', 'darkness', 'crumbles', 'away', '.', 'It', 'is', 'the', 'same', 'old', 'druid', 'Time', 'as', 'ever', ',', 'Only', 'a', 'live', 'thing', 'leaps', 'my', 'hand', ',', 'A', 'queer', 'sardonic', 'rat', ',', 'As', 'I', 'pull', 'the', 'parapet', '’s', 'poppy', 'To', 'stick', 'behind', 'my', 'ear', '.', 'Droll', 'rat', ',', 'they', 'would', 'shoot', 'you', 'if', 'they', 'knew', 'Your', 'cosmopolitan', 'sympathies', '.', 'Now', 'you', 'have', 'touched', 'this', 'English', 'hand', 'You', 'will', 'do', 'the', 'same', 'to', 'a', 'German', 'Soon', ',', 'no', 'doubt', ',', 'if', 'it', 'be', 'your', 'pleasure', 'To', 'cross', 'the', 'sleeping', 'green', 'between', '.', 'It', 'seems', 'you', 'inwardly', 'grin', 'as', 'you', 'pass', 'Strong', 'eyes', ',', 'fine', 'limbs', ',', 'haughty', 'athletes', ',', 'Less', 'chanced', 'than', 'you', 'for', 'life', ',', 'Bonds', 'to', 'the', 'whims', 'of', 'murder', ',', 'Sprawled', 'in', 'the', 'bowels', 'of', 'the', 'earth', ',', 'The', 'torn', 'fields', 'of', 'France', '.', 'What', 'do', 'you', 'see', 'in', 'our', 'eyes', 'At', 'the', 'shrieking', 'iron', 'and', 'flame', 'Hurled', 'through', 'still', 'heavens', '?', 'What', 'quaver', '—', 'what', 'heart', 'aghast', '?', 'Poppies', 'whose', 'roots', 'are', 'in', 'man', '’s', 'veins', 'Drop', ',', 'and', 'are', 'ever', 'dropping', ';', 'But', 'mine', 'in', 'my', 'ear', 'is', 'safe', '—', 'Just', 'a', 'little', 'white', 'with', 'the', 'dust', '.']","['break', 'of', 'Day', 'in', 'the', 'trench', 'the', 'darkness', 'crumble', 'away', '.', 'it', 'be', 'the', 'same', 'old', 'druid', 'Time', 'as', 'ever', ',', 'only', 'a', 'live', 'thing', 'leap', 'my', 'hand', ',', 'a', 'queer', 'sardonic', 'rat', ',', 'as', 'I', 'pull', 'the', 'parapet', '’s', 'poppy', 'to', 'stick', 'behind', 'my', 'ear', '.', 'Droll', 'rat', ',', 'they', 'would', 'shoot', 'you', 'if', 'they', 'know', 'your', 'cosmopolitan', 'sympathy', '.', 'now', 'you', 'have', 'touch', 'this', 'english', 'hand', 'you', 'will', 'do', 'the', 'same', 'to', 'a', 'German', 'Soon', ',', 'no', 'doubt', ',', 'if', 'it', 'be', 'your', 'pleasure', 'to', 'cross', 'the', 'sleeping', 'green', 'between', '.', 'it', 'seem', 'you', 'inwardly', 'grin', 'as', 'you', 'pass', 'strong', 'eye', ',', 'fine', 'limb', ',', 'haughty', 'athlete', ',', 'less', 'chanced', 'than', 'you', 'for', 'life', ',', 'bond', 'to', 'the', 'whim', 'of', 'murder', ',', 'sprawl', 'in', 'the', 'bowel', 'of', 'the', 'earth', ',', 'the', 'torn', 'field', 'of', 'France', '.', 'what', 'do', 'you', 'see', 'in', 'our', 'eye', 'at', 'the', 'shriek', 'iron', 'and', 'flame', 'Hurled', 'through', 'still', 'heaven', '?', 'what', 'quaver', '—', 'what', 'heart', 'aghast', '?', 'poppy', 'whose', 'root', 'be', 'in', 'man', '’s', 'vein', 'Drop', ',', 'and', 'be', 'ever', 'drop', ';', 'but', 'mine', 'in', 'my', 'ear', 'be', 'safe', '—', 'just', 'a', 'little', 'white', 'with', 'the', 'dust', '.']","[('NOUN', 'NN'), ('ADP', 'IN'), ('PROPN', 'NNP'), ('ADP', 'IN'), ('DET', 'DT'), ('NOUN', 'NNS'), ('DET', 'DT'), ('NOUN', 'NN'), ('VERB', 'VBZ'), ('ADV', 'RB'), ('PUNCT', '.'), ('PRON', 'PRP'), ('AUX', 'VBZ'), ('DET', 'DT'), ('ADJ', 'JJ'), ('ADJ', 'JJ'), ('NOUN', 'NN'), ('PROPN', 'NNP'), ('ADP', 'IN'), ('ADV', 'RB'), ('PUNCT', ','), ('ADV', 'RB'), ('DET', 'DT'), ('ADJ', 'JJ'), ('NOUN', 'NN'), ('VERB', 'VBZ'), ('PRON', 'PRP$'), ('NOUN', 'NN'), ('PUNCT', ','), ('DET', 'DT'), ('NOUN', 'NN'), ('ADJ', 'JJ'), ('NOUN', 'NN'), ('PUNCT', ','), ('SCONJ', 'IN'), ('PRON', 'PRP'), ('VERB', 'VBP'), ('DET', 'DT'), ('NOUN', 'NN'), ('PART', 'POS'), ('ADJ', 'JJ'), ('PART', 'TO'), ('VERB', 'VB'), ('ADP', 'IN'), ('PRON', 'PRP$'), ('NOUN', 'NN'), ('PUNCT', '.'), ('PROPN', 'NNP'), ('PROPN', 'NNP'), ('PUNCT', ','), ('PRON', 'PRP'), ('AUX', 'MD'), ('VERB', 'VB'), ('PRON', 'PRP'), ('SCONJ', 'IN'), ('PRON', 'PRP'), ('VERB', 'VBD'), ('PRON', 'PRP$'), ('ADJ', 'JJ'), ('NOUN', 'NNS'), ('PUNCT', '.'), ('ADV', 'RB'), ('PRON', 'PRP'), ('AUX', 'VBP'), ('VERB', 'VBN'), ('DET', 'DT'), ('ADJ', 'JJ'), ('NOUN', 'NN'), ('PRON', 'PRP'), ('AUX', 'MD'), ('VERB', 'VB'), ('DET', 'DT'), ('ADJ', 'JJ'), ('ADP', 'IN'), ('DET', 'DT'), ('PROPN', 'NNP'), ('PROPN', 'NNP'), ('PUNCT', ','), ('ADV', 'RB'), ('ADV', 'RB'), ('PUNCT', ','), ('SCONJ', 'IN'), ('PRON', 'PRP'), ('VERB', 'VBP'), ('PRON', 'PRP$'), ('NOUN', 'NN'), ('PART', 'TO'), ('VERB', 'VB'), ('DET', 'DT'), ('NOUN', 'NN'), ('ADJ', 'JJ'), ('ADP', 'IN'), ('PUNCT', '.'), ('PRON', 'PRP'), ('VERB', 'VBZ'), ('PRON', 'PRP'), ('ADV', 'RB'), ('VERB', 'VBP'), ('SCONJ', 'IN'), ('PRON', 'PRP'), ('VERB', 'VBP'), ('ADJ', 'JJ'), ('NOUN', 'NNS'), ('PUNCT', ','), ('ADJ', 'JJ'), ('NOUN', 'NNS'), ('PUNCT', ','), ('ADJ', 'JJ'), ('NOUN', 'NNS'), ('PUNCT', ','), ('ADV', 'RBR'), ('ADJ', 'JJ'), ('ADP', 'IN'), ('PRON', 'PRP'), ('ADP', 'IN'), ('NOUN', 'NN'), ('PUNCT', ','), ('NOUN', 'NNS'), ('ADP', 'IN'), ('DET', 'DT'), ('NOUN', 'NNS'), ('ADP', 'IN'), ('NOUN', 'NN'), ('PUNCT', ','), ('VERB', 'VBN'), ('ADP', 'IN'), ('DET', 'DT'), ('NOUN', 'NNS'), ('ADP', 'IN'), ('DET', 'DT'), ('NOUN', 'NN'), ('PUNCT', ','), ('DET', 'DT'), ('ADJ', 'JJ'), ('NOUN', 'NNS'), ('ADP', 'IN'), ('PROPN', 'NNP'), ('PUNCT', '.'), ('PRON', 'WP'), ('AUX', 'VBP'), ('PRON', 'PRP'), ('VERB', 'VB'), ('ADP', 'IN'), ('PRON', 'PRP$'), ('NOUN', 'NNS'), ('ADP', 'IN'), ('DET', 'DT'), ('VERB', 'VBG'), ('NOUN', 'NN'), ('CCONJ', 'CC'), ('NOUN', 'NN'), ('PROPN', 'NNP'), ('ADP', 'IN'), ('ADV', 'RB'), ('NOUN', 'NNS'), ('PUNCT', '.'), ('PRON', 'WP'), ('NOUN', 'NN'), ('PUNCT', ':'), ('DET', 'WDT'), ('NOUN', 'NN'), ('VERB', 'VBP'), ('PUNCT', '.'), ('NOUN', 'NNS'), ('DET', 'WP$'), ('NOUN', 'NNS'), ('AUX', 'VBP'), ('ADP', 'IN'), ('NOUN', 'NN'), ('PART', 'POS'), ('NOUN', 'NNS'), ('PROPN', 'NNP'), ('PUNCT', ','), ('CCONJ', 'CC'), ('AUX', 'VBP'), ('ADV', 'RB'), ('VERB', 'VBG'), ('PUNCT', ':'), ('CCONJ', 'CC'), ('NOUN', 'NN'), ('ADP', 'IN'), ('PRON', 'PRP$'), ('NOUN', 'NN'), ('AUX', 'VBZ'), ('ADJ', 'JJ'), ('PUNCT', ':'), ('ADV', 'RB'), ('DET', 'DT'), ('ADJ', 'JJ'), ('ADJ', 'JJ'), ('ADP', 'IN'), ('DET', 'DT'), ('NOUN', 'NN'), ('PUNCT', '.')]","['ORG', 'LANGUAGE', 'NORP', 'GPE', 'ORG', 'ORG']","[Time, English, a German Soon, France, Hurled, Drop]"
12,Anthem for Doomed Youth.txt,Anthem for Doomed Youth,Wilfred Owen,Poems,1920,,,"Anthem for Doomed Youth
What passing-bells for these who die as cattle?
      — Only the monstrous anger of the guns.
      Only the stuttering rifles' rapid rattle
Can patter out their hasty orisons.
No mockeries now for them; no prayers nor bells; 
      Nor any voice of mourning save the choirs,—
The shrill, demented choirs of wailing shells;
      And bugles calling for them from sad shires.

What candles may be held to speed them all?
      Not in the hands of boys, but in their eyes
Shall shine the holy glimmers of goodbyes.
      The pallor of girls' brows shall be their pall;
Their flowers the tenderness of patient minds,
And each slow dusk a drawing-down of blinds.
","Anthem for Doomed Youth What passing-bells for these who die as cattle?       — Only the monstrous anger of the guns.       Only the stuttering rifles' rapid rattle Can patter out their hasty orisons. No mockeries now for them; no prayers nor bells;        Nor any voice of mourning save the choirs,— The shrill, demented choirs of wailing shells;       And bugles calling for them from sad shires.  What candles may be held to speed them all?       Not in the hands of boys, but in their eyes Shall shine the holy glimmers of goodbyes.       The pallor of girls' brows shall be their pall; Their flowers the tenderness of patient minds, And each slow dusk a drawing-down of blinds.","['Anthem', 'for', 'Doomed', 'Youth', 'What', 'passing', '-', 'bells', 'for', 'these', 'who', 'die', 'as', 'cattle', '?', '\xa0\xa0\xa0\xa0\xa0\xa0', '—', '\xa0', 'Only', 'the', 'monstrous', 'anger', 'of', 'the', 'guns', '.', '\xa0\xa0\xa0\xa0\xa0\xa0', 'Only', 'the', 'stuttering', 'rifles', ""'"", 'rapid', 'rattle', 'Can', 'patter', 'out', 'their', 'hasty', 'orisons', '.', 'No', 'mockeries', 'now', 'for', 'them', ';', 'no', 'prayers', 'nor', 'bells', ';', '\xa0 \xa0\xa0\xa0\xa0\xa0\xa0', 'Nor', 'any', 'voice', 'of', 'mourning', 'save', 'the', 'choirs', ',', '—', 'The', 'shrill', ',', 'demented', 'choirs', 'of', 'wailing', 'shells', ';', '\xa0\xa0\xa0\xa0\xa0\xa0', 'And', 'bugles', 'calling', 'for', 'them', 'from', 'sad', 'shires', '.', ' ', 'What', 'candles', 'may', 'be', 'held', 'to', 'speed', 'them', 'all', '?', '\xa0\xa0\xa0\xa0\xa0\xa0', 'Not', 'in', 'the', 'hands', 'of', 'boys', ',', 'but', 'in', 'their', 'eyes', 'Shall', 'shine', 'the', 'holy', 'glimmers', 'of', 'goodbyes', '.', '\xa0\xa0\xa0\xa0\xa0\xa0', 'The', 'pallor', 'of', 'girls', ""'"", 'brows', 'shall', 'be', 'their', 'pall', ';', 'Their', 'flowers', 'the', 'tenderness', 'of', 'patient', 'minds', ',', 'And', 'each', 'slow', 'dusk', 'a', 'drawing', '-', 'down', 'of', 'blinds', '.']","['Anthem', 'for', 'Doomed', 'Youth', 'what', 'pass', '-', 'bell', 'for', 'these', 'who', 'die', 'as', 'cattle', '?', '\xa0\xa0\xa0\xa0\xa0\xa0', '—', '\xa0', 'only', 'the', 'monstrous', 'anger', 'of', 'the', 'gun', '.', '\xa0\xa0\xa0\xa0\xa0\xa0', 'only', 'the', 'stutter', 'rifle', ""'"", 'rapid', 'rattle', 'can', 'patter', 'out', 'their', 'hasty', 'orison', '.', 'no', 'mockery', 'now', 'for', 'they', ';', 'no', 'prayer', 'nor', 'bell', ';', '\xa0 \xa0\xa0\xa0\xa0\xa0\xa0', 'nor', 'any', 'voice', 'of', 'mourn', 'save', 'the', 'choir', ',', '—', 'the', 'shrill', ',', 'demente', 'choir', 'of', 'wail', 'shell', ';', '\xa0\xa0\xa0\xa0\xa0\xa0', 'and', 'bugle', 'call', 'for', 'they', 'from', 'sad', 'shire', '.', ' ', 'what', 'candle', 'may', 'be', 'hold', 'to', 'speed', 'they', 'all', '?', '\xa0\xa0\xa0\xa0\xa0\xa0', 'not', 'in', 'the', 'hand', 'of', 'boy', ',', 'but', 'in', 'their', 'eye', 'shall', 'shine', 'the', 'holy', 'glimmer', 'of', 'goodbyes', '.', '\xa0\xa0\xa0\xa0\xa0\xa0', 'the', 'pallor', 'of', 'girl', ""'"", 'brow', 'shall', 'be', 'their', 'pall', ';', 'their', 'flower', 'the', 'tenderness', 'of', 'patient', 'mind', ',', 'and', 'each', 'slow', 'dusk', 'a', 'drawing', '-', 'down', 'of', 'blind', '.']","[('PROPN', 'NNP'), ('ADP', 'IN'), ('PROPN', 'NNP'), ('PROPN', 'NNP'), ('PRON', 'WP'), ('VERB', 'VBG'), ('PUNCT', 'HYPH'), ('NOUN', 'NNS'), ('ADP', 'IN'), ('PRON', 'DT'), ('PRON', 'WP'), ('VERB', 'VBP'), ('ADP', 'IN'), ('NOUN', 'NNS'), ('PUNCT', '.'), ('SPACE', '_SP'), ('PUNCT', ':'), ('SPACE', '_SP'), ('ADV', 'RB'), ('DET', 'DT'), ('ADJ', 'JJ'), ('NOUN', 'NN'), ('ADP', 'IN'), ('DET', 'DT'), ('NOUN', 'NNS'), ('PUNCT', '.'), ('SPACE', '_SP'), ('ADV', 'RB'), ('DET', 'DT'), ('VERB', 'VBG'), ('NOUN', 'NNS'), ('PART', 'POS'), ('ADJ', 'JJ'), ('NOUN', 'NN'), ('AUX', 'MD'), ('VERB', 'VB'), ('ADP', 'RP'), ('PRON', 'PRP$'), ('ADJ', 'JJ'), ('NOUN', 'NNS'), ('PUNCT', '.'), ('DET', 'DT'), ('NOUN', 'NNS'), ('ADV', 'RB'), ('ADP', 'IN'), ('PRON', 'PRP'), ('PUNCT', ':'), ('DET', 'DT'), ('NOUN', 'NNS'), ('CCONJ', 'CC'), ('NOUN', 'NNS'), ('PUNCT', ':'), ('SPACE', '_SP'), ('CCONJ', 'CC'), ('DET', 'DT'), ('NOUN', 'NN'), ('ADP', 'IN'), ('VERB', 'VBG'), ('VERB', 'VB'), ('DET', 'DT'), ('NOUN', 'NNS'), ('PUNCT', ','), ('PUNCT', ':'), ('DET', 'DT'), ('ADJ', 'JJ'), ('PUNCT', ','), ('VERB', 'VBD'), ('NOUN', 'NNS'), ('ADP', 'IN'), ('VERB', 'VBG'), ('NOUN', 'NNS'), ('PUNCT', ':'), ('SPACE', '_SP'), ('CCONJ', 'CC'), ('NOUN', 'NNS'), ('VERB', 'VBG'), ('ADP', 'IN'), ('PRON', 'PRP'), ('ADP', 'IN'), ('ADJ', 'JJ'), ('NOUN', 'NNS'), ('PUNCT', '.'), ('SPACE', '_SP'), ('PRON', 'WP'), ('NOUN', 'NNS'), ('AUX', 'MD'), ('AUX', 'VB'), ('VERB', 'VBN'), ('PART', 'TO'), ('VERB', 'VB'), ('PRON', 'PRP'), ('PRON', 'DT'), ('PUNCT', '.'), ('SPACE', '_SP'), ('PART', 'RB'), ('ADP', 'IN'), ('DET', 'DT'), ('NOUN', 'NNS'), ('ADP', 'IN'), ('NOUN', 'NNS'), ('PUNCT', ','), ('CCONJ', 'CC'), ('ADP', 'IN'), ('PRON', 'PRP$'), ('NOUN', 'NNS'), ('AUX', 'MD'), ('VERB', 'VB'), ('DET', 'DT'), ('ADJ', 'JJ'), ('NOUN', 'NNS'), ('ADP', 'IN'), ('PROPN', 'NNP'), ('PUNCT', '.'), ('SPACE', '_SP'), ('DET', 'DT'), ('NOUN', 'NN'), ('ADP', 'IN'), ('NOUN', 'NNS'), ('PART', 'POS'), ('NOUN', 'NNS'), ('AUX', 'MD'), ('AUX', 'VB'), ('PRON', 'PRP$'), ('NOUN', 'NN'), ('PUNCT', ':'), ('PRON', 'PRP$'), ('NOUN', 'NNS'), ('DET', 'DT'), ('NOUN', 'NN'), ('ADP', 'IN'), ('ADJ', 'JJ'), ('NOUN', 'NNS'), ('PUNCT', ','), ('CCONJ', 'CC'), ('DET', 'DT'), ('ADJ', 'JJ'), ('NOUN', 'NN'), ('DET', 'DT'), ('NOUN', 'NN'), ('PUNCT', 'HYPH'), ('NOUN', 'NN'), ('ADP', 'IN'), ('NOUN', 'NNS'), ('PUNCT', '.')]",['PERSON'],[Shall]
